{
  "ssg": {
    "min": 0.0,
    "max": 6.481577129276431
  },
  "smartstore": {
    "min": 0.0,
    "max": 6.899723107284872
  },
  "lotteon": {
    "min": 0.0,
    "max": 6.829793737512425
  },
  "11번가": {
    "min": 0.0,
    "max": 12.733758336210744
  }
}